Maturity,175.0,176.9387755102041,178.87755102040816,180.81632653061226,182.75510204081633,184.69387755102042,186.6326530612245,188.57142857142858,190.51020408163265,192.44897959183675,194.3877551020408,196.3265306122449,198.26530612244898,200.20408163265307,202.14285714285714,204.08163265306123,206.0204081632653,207.9591836734694,209.89795918367346,211.83673469387756,213.77551020408163,215.71428571428572,217.6530612244898,219.59183673469389,221.53061224489795,223.46938775510205,225.40816326530611,227.3469387755102,229.28571428571428,231.22448979591837,233.16326530612244,235.10204081632654,237.0408163265306,238.9795918367347,240.9183673469388,242.85714285714286,244.79591836734693,246.73469387755102,248.67346938775512,250.6122448979592,252.55102040816325,254.48979591836735,256.42857142857144,258.36734693877554,260.3061224489796,262.2448979591837,264.18367346938777,266.1224489795918,268.0612244897959,270.0
0.05,25.44315324795415,23.518872918984,21.60135032553783,19.694516300422652,17.80406410042073,15.9379234569809,14.106689827226747,12.32390226064434,10.606037487471701,8.972084325310014,7.442595422523126,6.038191512965057,4.77761334413743,3.6755573493240683,2.740654516234633,1.9740100617925893,1.3686741836556136,0.9102488403914311,0.5785823260818641,0.350234057470451,0.20119780306984025,0.10932606298860477,0.05602108810087881,0.027000896896421104,0.0122153850462376,0.0051798917677005,0.0020573786337186755,0.0007654436563365896,0.000266974173298178,8.742508452238506e-05,2.6935781660385665e-05,7.828482013642383e-06,2.152609565567934e-06,5.618013161443053e-07,1.3962958109741215e-07,3.315997465585026e-08,7.549941430655764e-09,1.6533965419796277e-09,3.4936021405994046e-10,7.143160752539212e-11,1.4171906257004955e-11,2.726488602405892e-12,5.083819274565123e-13,1.1355033928026932e-13,1.4110549727358412e-14,0.0,0.0,0.0,0.0,0.0
0.08979591836734693,25.868587029085553,23.984241595614915,22.117465058439514,20.273679493481296,18.45945985251988,16.682589092203468,14.952044185203484,13.27789049273268,11.67106492613095,10.143035193693667,8.705333591515464,7.368978956881335,6.14381836759942,5.037838742731877,4.056514561877604,3.2022677863679165,2.4741161273030943,1.8675734141781293,1.3748402647468927,0.9852865923999736,0.6861848685999267,0.4636123131169803,0.3034104203127597,0.19207956809172566,0.11749937045965757,0.06940053161290681,0.03956328946701632,0.021768310288102197,0.011564615320028983,0.005936682228663675,0.0029480570862872,0.0014180677283783083,0.0006617667524260514,0.00030012241295612226,0.00013251087868493578,5.7062684114879434e-05,2.400958695504409e-05,9.888176380744087e-06,3.992888108109971e-06,1.5834505569237978e-06,6.17643520509227e-07,2.3731070760660905e-07,8.993582987629249e-08,3.3661580870189874e-08,1.245759946550401e-08,4.563585336236091e-09,1.6565002057624647e-09,5.963517125138979e-10,2.1311640939047384e-10,7.565368085565005e-11
0.12959183673469388,26.40747411391246,24.57111682388924,22.758894386771047,20.975879748594586,19.227801421779525,17.52101555704278,15.862441807476408,14.259457545566537,12.719746689288014,11.25110193170501,9.861182547572692,8.557234066787013,7.34578073030309,6.232306413168501,5.220944108271422,4.3141974952951045,3.5127198885414064,2.81517529405119,2.218202860418802,1.716499378304981,1.3030247586713088,0.9693232027415281,0.705939276977847,0.5028951556523374,0.35018523240057203,0.23823964735796951,0.1583110826462404,0.1027501351709188,0.06515218127429954,0.04037908681229935,0.02447729736274116,0.014525339777526442,0.008446604967723032,0.004818495767377549,0.0026997359029416928,0.001487410941437282,0.000806789673399007,0.00043134047176050805,0.00022756507621873835,0.00011860169131756977,6.112608649731754e-05,3.118443015316463e-05,1.57624387845712e-05,7.900528040080091e-06,3.929914607230118e-06,1.9414535354166153e-06,9.532065065161219e-07,4.654148923657762e-07,2.2612224906897833e-07,1.0937882843354496e-07
0.1693877551020408,26.952490511396856,25.15649314147386,23.387657955794776,21.65045395892843,19.9497601032224,18.290828103331986,16.679224740441718,15.120751792540739,13.621342542612258,12.18693491159164,10.823322632660672,9.535987498538756,8.329917514690921,7.209417685439818,6.1779220170514835,5.237816976194098,4.390287896365992,3.6352004587807696,2.971029158613354,2.394843382871158,1.9023591864149958,1.488060937842097,1.145391713788396,0.8670048452301389,0.6450618797440654,0.4715553791644911,0.33862983941547786,0.2388722262588788,0.16554643083129128,0.11275353693073967,0.07551080629526302,0.0497541116244305,0.032278259103459814,0.020635172424647713,0.013010728875663747,0.008098067001552087,0.004980130534675924,0.003028784507728108,0.0018232346732931096,0.0010872442103625373,0.0006427892161562398,0.00037704641899252505,0.00021959076060806408,0.0001270617534269677,7.309140370380018e-05,4.1823349252717935e-05,2.3817973117054245e-05,1.3506404156303235e-05,7.629975405513262e-06,4.295755817340146e-06
0.20918367346938777,27.556264367867374,25.797439034934918,24.06727709366336,22.36965071945547,20.70869715439512,19.088785310606795,17.51447025350954,15.99043482912125,14.52141809382954,13.11213070762413,11.767158062159771,10.4908526260267,9.2872177860952,8.159786321255169,7.111497528448281,6.144577884678479,5.260430915355119,4.459542579619845,3.741408894647559,3.104492603847523,2.546215326145028,2.0629906544376753,1.6503019264966228,1.3028257059385335,1.0145983105946752,0.7792181619124315,0.5900718212626277,0.44056726631692056,0.3243554450287228,0.23552148994463173,0.16873059860998985,0.11931992393823099,0.08333541959531744,0.05751962993407762,0.03926139643458877,0.026520664558535315,0.01774118444684546,0.011761679761564794,0.007732983733541132,0.0050455458706543345,0.003269129622242249,0.002104671537296737,0.0013471464452569743,0.0008577449389059467,0.0005435425627322463,0.0003429613129151434,0.00021556715931710232,0.00013502741099265546,8.431914693792768e-05,5.2510518475247236e-05
0.24897959183673468,28.12562732302001,26.396467568378586,24.69650169819492,23.029138377548605,21.39797226221179,19.80675599106573,18.259364242013916,16.759749483297675,15.311889265251532,13.919725162299791,12.587093792166865,11.317650707569667,10.114788371409242,8.98154988333232,7.920540614325984,6.933840414601244,6.022919572950947,5.188562202957993,4.430801185031494,3.7488691611665033,3.1411702948523583,2.605277467664965,2.137959136833431,1.7352390368972048,1.392490090098143,1.1045612012289039,0.8659321684007582,0.6708881660195135,0.5137018896411404,0.38880939409113513,0.2909656617673368,0.21536828309424974,0.1577419256255762,0.11438154670872443,0.08215736601986644,0.05848844179698292,0.04129375130334485,0.028929968614456517,0.020124071195523098,0.013907073691894688,0.009553132612387539,0.006526386176809881,0.004436403779365218,0.003002080309910634,0.002023183117471147,0.0013584565306108327,0.0009091126808337703,0.0006066010032603416,0.0004036852619087647,0.00026802019102867714
0.2887755102040816,28.734368571297757,27.032579319581828,25.360046709983187,23.71977448666346,22.114899630165343,20.548669542464985,19.02441388675777,17.545510875140952,16.1153479135042,14.737276654844203,13.414562680907643,12.150330228122302,10.947502597435003,9.808739138971875,8.736369981436965,7.732329983154858,6.79809371694543,5.9346136637807785,5.142264175543785,4.4207941605102645,3.7692918128911526,3.186164986039811,2.6691408934644825,2.215288566641508,1.8210667345194564,1.4823983707758004,1.1947710339590805,0.9533594366987995,0.7531637895212897,0.5891549415462496,0.4564158216966109,0.3502686641613832,0.26637912923575663,0.2008314174851456,0.1501721752951739,0.11142461525139331,0.08207714846092334,0.060052560561039796,0.0436643075499979,0.0315660748296129,0.022699680204739742,0.016245065210667323,0.0115747919818743,0.008214323070308043,0.005808488921930323,0.0040939492657879354,0.0028770947149172567,0.00201665950864667,0.0014102701245095385,0.0009841895842629502
0.32857142857142857,29.297591583606717,27.618016646985602,25.96749283504542,24.34871521992003,22.764479974248346,21.217665493991976,19.71120965819366,18.248083087459303,16.83125833093918,15.46367499387354,14.148200915350465,12.887589619920531,11.684434398594565,10.541119526603621,9.459769300136651,8.442195776240336,7.4898463342878046,6.603752448996833,5.7844813766011365,5.03209280325875,4.346102870219799,3.7254583334077953,3.1685238650348504,2.6730855568742315,2.2363734080008038,1.8551048427280732,1.5255500200588046,1.2436178786614414,1.004959676244276,0.8050845571588523,0.6394798586817249,0.5037278870937647,0.3936110586587671,0.30519864778358113,0.2349106636513536,0.17955711780794492,0.13635360818111256,0.10291627650234127,0.0772405357956242,0.05766847036786326,0.04284961367043167,0.031699133763570454,0.023356540768078617,0.017147074778360343,0.012547071369146207,0.009153905915471928,0.006660607451126727,0.004834894566004329,0.003502189716603029,0.0025320789445694215
0.3683673469387755,29.893573794316666,28.234926210273088,26.604953498542866,25.00607797587603,23.44079956747008,21.911680264461797,20.42132574512705,18.972364058807262,17.56742131047258,16.209094330737116,14.899920371993057,13.642343937448896,12.43868092815188,11.291080386321372,10.201484225416172,9.171585473449325,8.202785722355543,7.296152679133797,6.452378958860392,5.671743545490624,4.954077664071667,4.298737132497377,3.704583545837585,3.1699768205547785,2.6927815968990334,2.270389664062544,1.899759849391865,1.5774756669070162,1.2998195063986184,1.0628604276192997,0.8625509714142756,0.694827130683658,0.5557050287968038,0.4413681015546981,0.3482396591278275,0.27303741739584275,0.2128086037080707,0.16494619500197408,0.1271884327403465,0.09760480074169539,0.07457211076732417,0.05674429307892711,0.04301907750932796,0.03250413412565058,0.024484561129162665,0.018392963007620108,0.013782814432692126,0.010305379954713138,0.007690156084432401,0.005728605952491174
0.4081632653061224,30.441852415138865,28.800552472465856,27.18749711891954,25.6048964833498,24.055022827405292,22.540197449671297,21.06277539734587,19.62512790362138,18.229622492023022,16.878600716958026,15.574353543562458,14.3190944109495,13.11493007314308,11.963829374151642,10.867590191631452,9.827804882312686,8.845824687565683,7.922723715076894,7.059263307267054,6.2558578399599964,5.5125432602218725,4.828949953685342,4.204281797601509,3.6373034573759186,3.1263380559749114,2.6692772122251442,2.26360503541148,1.9064369359403963,1.594573072775255,1.324564986954857,1.0927926224944917,0.8955477252255148,0.729118765300486,0.5898722346379357,0.4743255114641222,0.37920741552482257,0.3015039332404969,0.2384881292722763,0.1877347250250388,0.14712100987756896,0.11481653858630077,0.08926443388664548,0.06915710879931229,0.05340894574738752,0.04112802979922969,0.031588530777113905,0.024204839044507348,0.0185081302127993,0.014125687816192457,0.010763054704034443
0.4479591836734694,31.020287093370957,29.39565963380681,27.79877409628781,26.231648879678588,24.696352420690907,23.194992166995778,21.7297018381738,20.30262690518661,18.91590823207344,17.571663839750652,16.27196877200555,15.01883306933388,13.814177889061442,12.659809852799754,11.557393758116387,10.508423864550014,9.514194059538832,8.575767332266429,7.693945136680731,6.869237410265305,6.101834229020427,5.391580310623116,4.737953805890351,4.140051010547217,3.5965787401967555,3.105856088287387,2.6658270764789567,2.274085268184906,1.9279107364183126,1.6243188867475502,1.3601196173052026,1.1319842806191895,0.9365170555436292,0.7703267964320598,0.6300953125662037,0.5126383805026709,0.41495655414310884,0.3342738838569243,0.2680638142095287,0.2140626245438549,0.17027166793525014,0.13495027034695334,0.10660145432569157,0.08395268298808514,0.06593364490833284,0.05165279464753114,0.04037399787275968,0.03149426040631706,0.024523185045450223,0.01906451939976691
0.4877551020408163,31.58931007477715,29.97971969204854,28.397352021049237,26.844062928129404,25.321749337202146,23.832339832911362,22.37778389170025,20.960039679890947,19.581060365056505,18.24277889637087,16.94709122211118,15.69583792926539,14.490784312965495,13.33359891445543,12.225830608365834,11.168884376593372,10.16399598082334,9.212205842361215,8.31433255933158,7.470946638450417,6.682345189120964,5.948528514122131,5.269179719422842,4.6436486333533,4.070941441953625,3.549717475805444,3.07829448504893,2.654663479980508,2.276513776151425,1.9412682722106844,1.6461282461433178,1.3881261564490321,1.1641841825217631,0.9711756474457488,0.8059861383495469,0.6655711388930853,0.5470073251259038,0.4475353003674619,0.3645923590581083,0.2958347502666448,0.23914973710718235,0.1926584227394527,0.15471078067711982,0.12387457283135953,0.09891988416770321,0.07880089164694487,0.06263626989625252,0.049689367485483346,0.039349007464123044,0.031111503665370754
0.5275510204081633,32.11202242044092,30.515237443011642,28.94519010999373,27.40360568005312,25.892244022433626,24.412891437322486,22.9673513372948,21.557433734995037,20.18494348621459,18.851667243312917,17.55935908228728,16.309724778822964,15.104404725821174,13.944955509104648,12.832830191572992,11.769357401719663,10.755719383037176,9.792929239194843,8.881807708093465,8.022959916669821,7.216752705916933,6.46329326669736,5.7624099815162495,5.11363650981077,4.516200262998379,3.9690164641164407,3.470688946709716,3.0195186922019728,2.6135208162167762,2.2504502894321514,1.9278361363462966,1.6430232392916746,1.3932202514813925,1.1755515727197425,0.9871109462904476,0.8250140609398956,0.6864476218431297,0.5687126824443598,0.46926055828139945,0.3857202971216369,0.31591736600666187,0.2578838488616939,0.20986096181619865,0.17029504934319042,0.1378284141908288,0.11128637352425744,0.08966185409990918,0.07209867865009173,0.057874491022205196,0.046384050151257544
0.5673469387755102,32.663347129301094,31.079175163282358,29.521229810802605,27.99111468348289,26.49046255908771,25.020928254501488,23.584180547987458,22.181893101391207,20.815734335061038,19.487356211882645,18.19838189268451,16.950392234308943,15.744911115108485,14.583389592056033,13.467188920897481,12.397562507894072,11.37563691086368,10.402392070442763,9.47864103122309,8.605009507090852,7.781915754403051,7.009551336794864,6.2878634893981955,5.6165399071996065,4.994996877287523,4.422371729401634,3.89752057301918,3.419022202289085,2.9851888669158506,2.594084320934652,2.2435491788387476,1.9312331527423756,1.6546332550439025,1.4111365817651367,1.1980659019967117,1.0127260242178335,0.8524488310265885,0.7146349860748943,0.5967906082305638,0.49655763897680716,0.41173714172385223,0.340305300587386,0.2804223705832681,0.23043522483241966,0.1888744207504423,0.15444686004209468,0.12602515720572993,0.10263477997539251,0.0834399096380785,0.06772881637287356
0.6071428571428572,33.17006388207106,31.596785091614848,30.049268939825378,28.52901952210669,27.03756601077091,25.57645632726769,24.14724999889411,22.751510155304892,21.390794621336543,20.066646065224862,18.78058116586288,17.53407877013643,16.328567022620092,15.165409466272399,14.045890135692611,12.971197695582848,11.942408717925849,10.960470243497792,10.026181837716702,9.140177427701559,8.30290729575255,7.51462070144046,6.775349705014774,6.084894861098039,5.442813532966283,4.848411630873552,4.300739587907413,3.798593338735339,3.3405209476206674,2.9248353348492606,2.54963327624105,2.2128205107101233,1.9121424099885613,1.6452192777719084,1.409584995134777,1.2027274587495929,1.0221291055128077,0.86530580527096,0.7298425372200583,0.613424529582471,0.5138629029127032,0.4291142698581806,0.3572941600872873,0.29668451491610737,0.2457357995154838,0.2030644933615747,0.16744683805353638,0.1378097538719534,0.11321979857158745,0.09287095373770272
0.6469387755102041,33.70491157728779,32.14249981075672,30.60537042363263,29.094933285681943,27.612619744632738,26.159877001663283,24.738161785416796,23.348933284534564,21.99364529945508,20.673737576240764,19.390626289012403,18.145693643873457,16.940276586838305,15.775654612223036,14.653036687338659,13.573547335330424,12.538211951820847,11.54794147365813,10.603516570233277,9.705571589582423,8.854578562012104,8.050831641184315,7.294432442804275,6.5852768187169195,5.923043671813931,5.307186465297452,4.736928097852088,4.211259793093261,3.7289445774023506,3.288525788079207,2.888340861942417,2.5265404084498173,2.201112284731963,1.9099100845370145,1.6506851575320478,1.4211210215708852,1.2188688489739075,1.0415826226140443,0.8869525816553709,0.7527357092807501,0.6367822406976771,0.537057462503912,0.4516584004587261,0.3788253168016792,0.31694822948227763,0.264568901084205,0.22037891203176405,0.18321452811256986,0.15204910209875944,0.12598372472226974
0.686734693877551,34.19690815582991,32.64399107422364,31.11592514675724,29.61404197613417,28.139691835606055,26.69423858817676,25.27905398981016,23.89551134076049,22.544978449778338,21.228809877752813,19.948338430788226,18.704865878360025,17.49965288073177,16.33390812202108,15.20877666205539,14.125327542349591,13.084540710047461,12.087293359218899,11.13434583195711,10.226327272258668,9.363721283015472,8.546851899001432,7.775870253758484,7.050742381697822,6.371238653037687,5.736925381554992,5.147159165674561,4.601084513895515,4.097635258261067,3.6355401686299933,3.213333043278187,2.829367369872013,2.481835432857144,2.168791502624955,1.888178497747525,1.6378572870913322,1.415637617564339,1.219309536814402,1.0466741433953977,0.8955725458171029,0.7639120422515938,0.6496887303815813,0.5510060002180542,0.4660886258295072,0.39329242884563015,0.33110971490145696,0.278170867628635,0.2332426145399701,0.19522355361475424,0.16313755300952995
0.726530612244898,34.7167004298359,33.17335507220967,31.654417512458636,30.16114420224551,28.69480770793943,27.25669211721347,25.848087904676593,24.470286224837555,23.12457260136508,21.81221998335653,20.534481142540002,19.292580390480236,18.087704602479146,16.920993545562357,15.793529522382716,14.70632636171337,13.660317810071806,12.656345408412696,11.695145973035114,10.777338840800061,9.903413084889461,9.073714957436321,8.28843586739499,7.547601253030527,6.851060754421069,6.198480127464505,5.589335361371555,5.0229094604540965,4.498292322353171,4.0143840839061715,3.569902209841927,3.163392468603108,2.7932437778364325,2.4577067177436467,2.154915316008408,1.8829115191878554,1.6396715998126001,1.4231336230451417,1.2312250257574204,1.061889353242644,0.9131112565915042,0.7829389717595684,0.6695036675364107,0.5710352470515215,0.4858743967690004,0.41248087913443593,0.3494382439580398,0.295455277589504,0.24936461163168538,0.21011897319565026
0.7663265306122449,35.195304099579324,33.66040176357086,32.14951069669356,30.663824114193634,29.204549291429046,27.77290335458584,26.37010858878966,24.99738723556522,23.655955752367472,22.34701850866711,21.07176089615422,19.83134183540364,18.62688566825541,17.459473434685094,16.330133545569698,15.239831878995416,14.189461348057137,13.179831012813626,12.211654838363026,11.285540234787069,10.401976552517716,9.561323747546064,8.763801473276756,8.009478897502577,7.298265580980505,6.629903784776093,6.003962592682171,5.419834238056067,4.876733006886266,4.373697046936679,3.9095933438440857,3.483126028444654,3.092848057373794,2.737176166152248,2.4144088387114433,2.122746880561379,1.860316037378117,1.6251909800135595,1.4154198929583637,1.2290488653667366,1.0641452967466576,0.9188195929438315,0.7912445363439563,0.6796718569205125,0.5824456943219996,0.4980128108057027,0.42492957633161266,0.3618658887157551,0.30760630506146946,0.2610487413343209
0.8061224489795918,35.701429326742094,34.175112110911975,32.6723992739356,31.19442258714164,29.7423259622124,28.317261592989432,26.920385667640172,25.552853626779115,24.21581494403497,22.9104074073516,21.637750882281313,20.398940542967203,19.195039562765317,18.02707126488644,16.8960107444193,15.802775986995385,14.748218526489266,13.73311370475055,12.758150620525448,11.823921882335634,10.930913310752576,10.079493768486923,9.269905330845747,8.502254042723568,7.776501539226234,7.09245783258743,6.44977558513367,5.847946193316795,5.286297997899248,4.763996907233058,4.280049671996633,3.8333099797839782,3.422487447364695,3.046159480117005,2.7027858472223705,2.390725694987889,2.1082565981223396,1.853595139830784,1.6249184259365794,1.4203858842337762,1.238160683713972,1.0764301315515379,0.9334244672302452,0.8074335676250189,0.6968211957685596,0.6000365589669324,0.5156230777564001,0.4422243954673508,0.3785877702560287,0.32356508131667105
0.8459183673469388,36.167886020594246,34.64920096826303,33.1537566019993,31.682632421764914,30.236918489753556,28.817711854372995,27.426112587026065,26.06321941040881,24.7301248980533,23.4279102266713,22.157639465722372,20.920353392780214,19.717062828974704,18.548741496323277,17.416318408425987,16.320669818043452,15.262610759747863,14.242886243272757,13.26216217344776,12.321016095557994,11.419927890297636,10.559270569593233,9.739301352547262,8.96015322832505,8.221827238330453,7.524185731463129,6.866946861286839,6.249680600012635,5.671806538731658,5.132593723945409,4.631162745266269,4.166490237183038,3.737415889169362,3.3426519748023495,2.9807953152521405,2.650341490445061,2.3497010087774006,2.0772170508055945,1.8311843214930261,1.609868486415822,1.411525635465087,1.2344212164546122,1.0768479113527167,0.9371419873803474,0.8136977390371666,0.7049797382025115,0.6095327195359298,0.5259890389418515,0.4530737460425395,0.3896074010666361
0.8857142857142857,36.66161447419882,35.15074499913262,33.66274288362859,32.19863632709623,30.759462588785578,29.346264674721564,27.960087676950337,26.6019747468629,25.27296268547292,23.974077135364915,22.70632736178447,21.470700614194776,20.268156064790965,19.099618327156353,17.965970566673832,16.86804722466736,15.806626390699522,14.782421872087543,13.796075026530602,12.848146442654052,11.939107573991919,11.069332453985254,10.239089642261524,9.448534574819739,8.697702511538965,7.986502292143423,7.314711124655695,6.68197063654524,6.087784416283905,5.531517260018415,5.012396313051155,4.529514257822422,4.0818346489499175,3.668199432450039,3.2873386125670976,2.937881948909167,2.6183724832142845,2.3272816143051815,2.063025367367477,1.8239814452555252,1.6085066100584697,1.4149539263123976,1.241689404909618,1.0871076187336455,0.9496459150219779,0.8277969212226872,0.7201191250529037,0.6252453992054795,0.5418894302517089,0.4688500939236486
0.9255102040816326,37.11704454995549,35.61316774353834,34.13182427010195,32.67399828354932,31.240681743188716,29.8328713160519,28.45156496388001,27.09775819911006,25.772439995374633,24.476588339860452,23.211165417506287,21.9771124206096,20.775343982117832,19.60674223687073,18.472150522492893,17.37236674065162,16.308136410107394,15.280145455446789,14.289012789593281,13.335282764027433,12.41941757788767,11.541789755380385,10.702674819652488,9.902244309717645,9.14055930422345,8.41756463064576,7.733083949564092,7.086815909551103,6.478331567392838,5.907073259411023,5.372355091352208,4.873365185790617,4.409169786960029,3.978719273798134,3.5808560740173605,3.2143244073812647,2.877781718129107,2.569811588467564,2.2889378615554343,2.033639647910028,1.8023668478361217,1.5935557977659134,1.405644642589706,1.2370880499883559,1.0863709156903159,0.9520207581352025,0.8326185635942699,0.7268079137846236,0.633302302404056,0.5508906198596933
0.9653061224489796,37.59950513245439,36.10283057977548,34.628345984707764,33.176991909385684,31.74971551184529,30.347467652730593,28.971199717340888,27.621860139816235,26.30039061748284,25.007722005183172,23.744769881914518,22.51242978541118,21.31157211456046,20.143036704860876,19.007627088631633,17.906104459464938,16.839181369549586,15.807515199015592,14.811701448335041,13.852266917953772,12.929662853541492,12.044258150216727,11.196332724399575,10.386071176987679,9.613556885607027,8.878766675886743,8.181566231034285,7.521706404341499,6.898820599492613,6.3124233775581065,5.761910436375261,5.246560086909126,4.76553632180999,4.317893533876299,3.9025828972466505,3.518460373280902,3.1642962483348143,2.8387860546674517,2.5405626717027796,2.2682093561860293,2.0202734097881083,1.7952801643991283,1.5917469510234814,1.408196719193498,1.2431709903753483,1.0952418599732292,0.9630228061492752,0.8451781167521315,0.7404308045630122,0.6475689419457499
1.0051020408163265,38.04489626273171,36.55469955169524,35.08638502757489,33.64085553645499,32.21901949995553,30.82178819226644,29.45007275801702,28.104780959822957,26.78681364559594,25.49706092745861,24.23639806647061,23.00568106043548,21.805741935924637,20.637383750411875,19.501375316154117,18.398445664245134,17.329278275163816,16.29450511114458,15.294700495786685,14.330374897398361,13.401968684476769,12.509845934205453,11.654288387558934,10.835489657076561,10.053549805039664,9.30847041996703,8.600150327259973,7.928382074618612,7.2928493336291655,6.693125354816041,6.128672603682513,5.5988436892193985,5.10288367369926,4.639933823300747,4.209036823664453,3.809143443804689,3.439120587331842,3.097760623611921,2.78379184563445,2.4958898585749023,2.232689665989143,1.9927981917753108,1.7748069575956207,1.5773046288647,1.3988891483800516,1.2381791950064913,1.0938247344346737,0.9645164680123911,0.8489940314590924,0.7460528449867758
1.0448979591836733,38.51707882376772,37.0335858658286,35.571658089019515,34.13216074923225,32.71596368596596,31.3239387636088,29.9569570780181,28.615885919174683,27.301585481932864,26.014905318576233,24.756680529105882,23.527727687996165,22.328840509636713,21.160785258902457,20.024295918320863,18.920069129185467,17.848758930728497,16.810971329106675,15.807258736448924,14.838114329467407,13.903966387019533,13.00517267631291,12.142014967899696,11.314693769843393,10.52332338102342,9.767927371939383,9.04843460799381,8.364675934410357,7.716381643002731,7.103179838275338,6.5245958131918345,5.980052532898526,5.468872307415237,4.990279711743694,4.543405784228461,4.127293501936086,3.7409044962732327,3.383126934391382,3.052784453813625,2.74864600109145,2.4694363922152465,2.213847384982642,1.9805490333935722,1.7682010828412438,1.5754641633249695,1.4010105464185327,1.2435342498997233,1.1017603007311412,0.9744530008517789,0.8604230789319688
1.0846938775510204,38.95329397501292,37.47585657404909,36.019699627476385,34.585655658154415,33.17456093026887,31.787253029536423,30.424568229239664,29.087338634455797,27.776389098066744,26.492533903760616,25.236573213304897,24.009289277958654,22.811442417046116,21.64376677049032,20.50696583655086,19.401707811156598,18.328620751086532,17.28828758982584,16.281241042174138,15.30795844152875,14.36885656210123,13.464286486970748,12.59452859161684,11.759787721109674,10.960188647124717,10.19577189796812,9.466490060384961,8.772204655556859,8.112683692846483,7.487600002976749,6.896530446956735,6.338956087769887,5.8142633983475545,5.321746561558164,4.860610895979935,4.429977415476476,4.028888501741983,3.65631463799212,3.311162120087361,2.992281630040945,2.6984775276806463,2.4285176908208563,2.181143714196881,1.955081263922051,1.749050378320584,1.5617755081829778,1.3919950998056243,1.238470542099059,1.099994323582037,0.9753972748031683
1.1244897959183673,39.41606156162655,37.94491545881186,36.494755912850444,35.066382631258314,33.660598239932824,32.278205999138606,30.920007325177654,29.58679911159376,28.279370844951668,26.998501511765465,25.74495629507647,24.5194830615363,23.322808642687402,22.155634917482608,21.01863470698491,19.912447496652383,18.837675006659076,17.794876636304664,16.784564814701913,15.80720029652591,14.863187448572564,13.952869580059138,13.076524376834392,12.234359506711536,11.426508469724912,10.653026772912142,9.913888513874513,9.208983460471181,8.538114715141846,7.900997051112276,7.297256003733984,6.726427793107486,6.1879601437075165,5.681214052850106,5.20546654257209,4.759914409075404,4.343678960777197,3.9558117108843676,3.595300964162372,3.261079211270885,2.9520312188932376,2.667002681160542,2.4048092788092954,2.1642459782345336,1.9440963940271196,1.743142036326918,1.5601712686443525,1.3939878125640235,1.2434186524172801,1.1073212147055536
1.1642857142857144,39.84385234301549,38.378409500785345,36.933688674978974,35.51046084423528,34.10949920407353,32.73157699913033,31.377465177852,30.04792986469505,28.743729646041068,27.465612667479316,26.21431354190141,24.99055007000775,23.79501977739044,22.628396275352593,21.491325456072897,20.384421536644684,19.308262970903314,18.2633882527982,17.25029164032541,16.269418834661327,15.321162655039583,14.405858755978693,13.523781439547406,12.675139621261295,11.860073013718608,11.078648596941841,10.330857448309846,9.61661200762427,8.935743853924984,8.288002069824492,7.673052266058531,7.090476333382518,6.539772980679046,6.020359107067924,5.531572041947072,5.072672670384016,4.642849442450795,4.2412232444293325,3.8668530879682828,3.5187425510492596,3.1958468829455384,2.8970806652238266,2.6213259032574663,2.3674404086353533,2.134266323087412,1.9206386297246787,1.7253934978801726,1.5473763137091148,1.3854492597305061,1.238498322131671
1.2040816326530612,40.29795643157536,38.83845808498009,37.399408110286615,35.981548543674805,34.585622950840445,33.21237437409145,31.862543118197,30.536864371161048,29.236065657190924,27.96086412048845,26.7119636401387,25.490051778330567,24.295796566442245,23.129843136180565,21.99281020599359,20.885286436384074,19.807826671536677,18.760948088818022,17.745126282180674,16.760791310255517,15.808323744875464,14.888050760843578,14.000242312820047,13.14510745010432,12.322790824653756,11.533369451706477,10.776849785632,10.05316517587539,9.362173768829077,8.703656920901988,8.07731818571658,7.482782934032384,6.919598658502921,6.387236006622402,5.885090574197845,5.412485478480871,4.968674714930569,4.552847284791199,4.164132062731442,3.8016033552964794,3.4642870825641405,3.151167497937381,2.8611943452400332,2.5932903389877286,2.3463588435855005,2.1192916208378585,1.9109765129523213,1.7203049303748827,1.5461790202813537,1.387518402092072
1.243877551020408,40.747841961941766,39.29412947712323,37.86060120910018,36.447971977666576,35.05695750493433,33.688272468543296,32.34262840838682,31.02073148397993,29.72328008064045,28.450962263918917,27.20445308322543,25.984411727375996,24.791478536842785,23.62627187984676,22.489384902093782,21.38138216292478,20.302796173922143,19.254123859570484,18.235822963384113,17.248308426937523,16.29194877341419,15.367062531538467,14.47391473997969,13.612713576395972,12.783607159072812,11.986680572449913,11.221953170536763,10.489376214097629,9.788830898339226,9.120126827453877,8.483000990565097,7.8771172902174404,7.3020666694116425,6.757367876219494,6.242468896200372,5.756749072231276,5.299521919104769,4.870038626581059,4.467492229843769,4.091022410941558,3.7397208793191896,3.4126372645370666,3.1087854403696342,2.8271501872852576,2.566694090432741,2.32636456320464,2.1051008826190163,1.9018411224106508,1.715528872935105,1.545119643671957
1.2836734693877552,41.16407317015439,39.715628286183495,38.28712910298425,36.87926645708348,35.49273155128122,34.12821409996729,32.78640034048995,31.46797090846947,30.173598575935976,28.90394585235288,27.659662449978363,26.44138261663581,25.249722340822743,24.085276436192952,22.948615514807916,21.84028286116596,20.76079122187755,19.71061952894287,18.6902095778788,17.699962685397825,16.740236354909506,15.81134098172731,14.913536633442208,14.04702994436282,13.211971166112884,12.408451419280446,11.636500193290855,10.896083143266177,10.187100233376466,9.5093842759195,8.862699913928713,8.246743092363,7.661141058765656,7.105452928610623,6.579170843361198,6.081721740573419,5.612469745288134,5.17071918064363,4.755718183359172,4.366662896816412,4.002702201301163,3.662942928015315,3.3464554912213735,3.052279861847219,2.7794317965439514,2.526909229005779,2.293698725695699,2.078781906241655,1.881141729824003,1.6997685528641961
1.323469387755102,41.60625591268745,40.16332295611243,38.74008822418757,37.33721824699103,35.95537939475976,34.59523611530749,33.257449049732564,31.94267302500883,30.651554922977446,29.384731426350562,28.142826643609222,26.92644961614129,25.736191712627114,24.57262391755037,23.4362940227861,22.32772373350052,21.247405702075742,20.195800506429922,19.173333591921818,18.18039219896676,17.21732230151157,16.284425584558925,15.381956491930529,14.510119378333139,13.6690658024465,12.858892000083156,12.079636578360857,11.331278473153363,10.613735212717174,9.926861530197163,9.270448366574929,8.644222303418273,8.047845461436525,7.480915896267843,6.942968517102755,6.43347654668813,5.9518535330344715,5.497455913881472,5.069586124852638,4.667496231491617,4.290392054318773,3.9374377450270455,3.607760761332079,3.3004571782046797,3.0145972646426813,2.749231248160892,2.503395184119002,2.2761168441274138,2.0664215372427366,1.8733377795569663
1.363265306122449,42.015555660886555,40.577652241135254,39.15922316515368,37.76091346954074,36.383367581259726,35.02722763551453,33.693131682332684,32.38171178100081,31.093591982368995,29.829386200051765,28.589695972720577,27.375108121014314,26.186192304090888,25.023498482514835,23.8875542960194,22.778862366691662,21.697897540303117,20.645104080821387,19.620892835580086,18.625638391115896,17.659676242271075,16.723299999757597,15.816758663928255,14.940253994933919,14.093938011688044,13.277910654021522,12.492217643999707,11.736848583487994,11.011735325586818,10.316750657408052,9.651707330730186,9.016357475259072,8.410392426456914,7.833442996128251,7.285080209143253,6.764816523837384,6.272107546803182,5.806354245071528,5.366905650205707,4.953062039786211,4.564078572378667,4.199169342621929,3.8575118138496234,3.538251576990036,3.240507376699899,2.963376339095086,2.7059393303305317,2.4672663718900454,2.2464220369547667,2.0424707527215618
1.403061224489796,42.4505703419419,41.0179406397025,39.60455256684196,38.21102930720608,36.83799299358826,35.486063106510024,34.155854771893864,32.84797695727627,31.563030567017496,30.30160643789618,29.06428323753965,27.85162526934061,26.66418018885156,25.502476638129217,24.367021806127486,23.258298924993642,22.176764714012517,21.122846784941583,20.09694102457584,19.099408972543788,18.13057521453637,17.19072481336728,16.280100802408498,15.398901767985674,14.547279549189984,13.725337085194731,12.9331264414847,12.170647047326417,11.437844177251351,10.734607709201304,10.06077119122052,9.416111247094735,8.800347349073386,8.213141982720709,7.654101224998595,7.122775751890801,6.61866228626356,6.141205490288586,5.689800299730911,5.263794689863833,4.862492854893186,4.485158774758322,4.1310201352633245,3.7992725599320694,3.4890841050374433,3.1995999631853236,2.929947315882371,2.6792402718917967,2.4465848260551177,2.231083772741992
1.4428571428571428,42.8534062521298,41.4255979037383,40.01682029089106,38.627677216509376,37.25877105525491,35.91070122333206,34.584062555864165,33.279443591884714,31.997424767737286,30.738576520539418,29.503457304336052,28.292611522659733,27.106567382419993,25.945834675370723,24.810902494849348,23.70223689703217,22.620278517610465,21.565440156537623,20.538104345316267,19.53862091316666,18.567304570308384,17.62443252846971,16.71024218056885,15.824928863244187,14.968643727494277,14.14149174406387,13.343529871318905,12.574765414123348,11.835154602596488,11.124601419521657,10.442956704533366,9.790017561963708,9.165527097337154,8.569174504917733,8.000595525420934,7.45937328899336,6.9450395538640946,6.457076345727569,5.994917997004781,5.557953578755497,5.145529711312904,4.756953732845487,4.391497198206321,4.048399673806836,3.726872788066499,3.4261044914529855,3.145263475444367,2.883503696101284,2.6399689454877113,2.413797413039624
1.4826530612244897,43.28172281952418,41.85897877539003,40.45504588742345,39.07050819981074,37.70594795859543,36.36194415319671,35.03907097400223,33.73789618642673,32.45897942252505,31.202870392035702,29.970107015615266,28.76121348400289,27.576698247935898,26.417051944812595,25.282745269372068,24.174226797021323,23.09192076988493,22.03622485716307,21.00750790295283,20.006107676289787,19.03232863977911,18.086439754783015,17.168672342676263,16.27921802313742,15.418226751769362,14.585804980487195,13.78201396502855,13.006868244572901,12.260334318751351,11.542329547228057,10.85272129648949,10.191326357436232,9.55791065579556,8.952189275226315,8.373826810254473,7.822438062851077,7.29758909256139,6.798798625646469,6.325539823765922,5.877242407391249,5.453295123497482,5.053048541261439,4.675818153641116,4.320887756984497,3.9875130753845474,3.6749255915349024,3.382336541516678,3.10894102741914,2.853922199101445,2.6164554548537207
1.5224489795918368,43.67850671310618,42.2604000922686,40.860905321630575,39.480588877100224,38.12001512071694,36.77974490535723,35.46033410276719,34.16233205558524,32.88627995466192,31.632709143712415,30.402139354139983,29.19507687376097,28.012012654131667,26.853420362232484,25.719754383395916,24.611447783568774,23.52891024027096,22.47252595293468,21.442651544674984,20.439613968930864,19.463708435807487,18.51519637432193,17.594303448075653,16.70121764311668,15.836087447876862,14.99902014603472,14.190080243922491,13.409288054618337,12.656618461102552,11.931999880758667,11.235313453027763,10.566392471134535,9.925022077464849,9.310939240356388,8.72383302775538,8.163345190380829,7.629071063742184,7.120560794594889,6.6373208932378,6.178816108521247,5.744471617619366,5.33367551762944,4.945781601006256,4.580112391847075,4.2359624152556785,3.9126016675659114,3.6092792512462544,3.3252271349631544,3.059663996679932,2.8117991059060103
1.5622448979591836,44.10053991860457,42.68731171645497,41.29248753754715,39.91661590482113,38.560242918192486,37.22391092326586,35.90815711048414,34.61351204561186,33.340498133048946,32.089628014130405,30.861402903301542,29.656310865855072,28.47482504178832,27.31740182127166,26.184478978220575,25.076473769518596,23.99378100854864,22.936771122837232,21.905788206797403,20.90114808174609,19.92313637656485,18.97200664353577,18.04797852500569,17.151235987573205,16.281925641434434,15.44015516332708,14.625991842144018,13.839461266715332,13.080546175439899,12.349185487351098,11.6452735337896,10.968659509097577,10.319147157615614,9.696494712732193,9.100415101796353,8.53057642834517,7.986602740333611,7.468075089897551,6.974532886668464,6.505475542835333,6.060364404080258,5.638624956273286,5.239649293490073,4.862798828614954,4.507407223619447,4.172783512676995,3.8582153877081846,3.562972612851523,3.286310531834918,3.0274736303661665
1.6020408163265305,44.491636040758706,43.082881273965526,41.69234162125644,40.32054960774295,38.96803507207552,37.635323891710264,36.32293664468103,35.03138720895433,33.761181300998444,32.51281495580132,31.286772951242266,30.083527180443895,28.903534976515765,27.747237394936082,26.615057459709305,25.50739838037297,24.424641747903532,23.367145718578502,22.335243195882406,21.32924002157795,20.349413188095173,19.39600908539295,18.469241796406585,17.569291456083562,16.696302689807354,15.850383147685173,15.031602151703204,14.239989473102732,13.475534257471047,12.738184114943252,12.027844392545157,11.344377645048263,10.68760331973106,10.057297669128957,9.453193904196526,8.874982598294885,8.322312350059569,7.794790710514072,7.291985376796817,6.813425651602509,6.358604163950936,5.926978843248204,5.517975134870136,5.130988441753695,4.76538677282168,4.420513575579784,4.095690727011172,3.790221654044107,3.503394552474225,3.23448567136204
1.6418367346938776,44.90775353163887,43.503710764663815,42.117685858067006,40.75019495528379,39.401751255855736,38.07286379812484,36.76403618438579,35.47576524972618,34.20853967629499,32.962838555287675,31.739129899543148,30.53786911029724,29.359497402337638,28.204440192547878,27.07310545761527,25.965882067499145,24.883138102109605,23.82521915952319,22.792446664952223,21.78511619057589,20.8034957972229,19.84782440975091,18.918310238779263,18.015129262181546,17.138423780412992,16.28830106030712,15.464832082411682,14.668050407212986,13.897951175700253,13.154490259621996,12.437583576460984,11.747106583580932,11.082893965161205,10.444739524414112,9.832396292171806,9.245576861223238,8.683953953786574,8.147161227224604,7.634794320573256,7.146412141682029,6.681538391802063,6.239663321346108,5.820245707345168,5.422715039901299,5.046473901756922,4.690900522043527,4.35535148241522,4.039164551191844,3.741661618909728,3.462151706870619
1.6816326530612244,45.2934854785663,43.89376875844175,42.51189036834706,41.148351825963466,39.8036514862305,38.47828337488842,37.17273596956361,35.887490929741375,34.62302177743657,33.37979253087719,32.15825629406874,30.958853805692506,29.78201195142447,28.62814224442412,27.497639279445536,26.39087916675017,25.308217952755985,24.249990035124217,23.21650658076729,22.20805395603234,21.22489217908307,20.267253405235493,19.33534045670222,18.42932540883789,17.549348245543193,16.695515596957875,15.867899572931535,15.066536705986161,14.291427017559116,13.542533221210459,12.819780076187023,12.12305390422735,11.452202281761448,10.807033918687225,10.187318733688826,9.59278813459302,9.023135510543247,8.478016940814912,7.957052122913685,7.459825520216469,6.985887726860736,6.5347570449027765,6.105921265990692,5.698839646991232,5.312945066223152,4.9476463442505505,4.602330710638409,4.27636639573582,3.969105324495919,3.6798858876188207
1.7214285714285713,45.70401460169098,44.30885975927208,42.931355556211116,41.57198850649975,40.23124174810273,38.909593928231615,37.60751804115242,36.3254802199625,35.06393848419913,33.82334144560246,32.6041269748512,31.40672083262023,30.23153526887109,29.078967594877817,27.94939873311085,26.84319175074146,25.76069038318955,24.702217554806648,23.668073904460623,22.65853632445717,21.6738565218882,20.71425961212518,19.779942754767102,18.871073842890226,17.98779025692061,17.13019769483946,16.298369090724886,15.492343633809947,14.71212590028258,13.95768510995017,13.228954519624011,12.525830964633114,11.848174559240482,11.195808565895241,10.56851944220974,9.966057073291017,9.388135195590902,8.834432016767693,8.304591034191928,7.798222052694226,7.314902399970976,6.854178335762594,6.415566648535497,5.99855643097596,5.602611023187078,5.227170110118292,4.871651957506492,4.535455768517633,4.217964141404807,3.9185456068913407
1.7612244897959184,46.084671139812755,44.693708929483265,43.32022633263021,41.96469644500949,40.627588805588445,39.30936832770099,38.010494187002855,36.73141866772548,35.4725859691193,34.234430974398016,33.01737798494634,31.821839423034024,30.648214506784168,29.496887901674203,28.368228353400486,27.262587307505086,26.18029752174656,25.121671677785375,24.087000999343278,23.076553884580797,22.09057456100173,21.129281771738533,20.19286750257616,19.28149575953301,18.395301407215648,17.53438907849089,16.698832166258754,15.888671908248147,15.103916575782614,14.344540777358661,13.610484887634598,12.901654612028105,12.217920696558895,11.559118791837374,10.925049479188315,10.31547846580437,9.730136954554137,9.168722192620608,8.630898201537535,8.11629668942995,7.624518144373758,7.155133105794876,6.707683608754381,6.281684793852721,5.876626673366225,5.491976042149674,5.1271785198361215,4.7816607089913665,4.454832452175055,4.146089169368682
1.8010204081632653,46.48990465475531,45.1033679922262,43.73413194558987,42.38265582361505,41.04939520272784,39.73480090491483,38.439317936615794,37.163384390148984,35.90743030957398,34.6718765232762,33.45713344596661,32.26359985321938,31.09166163212269,29.941690512089334,28.81404278036125,27.709057987243206,26.627057646610307,25.568343937747365,24.53319841508953,23.52188073293653,22.534627392699544,21.571650520701862,20.63313668498522,19.71924575995818,18.83010984805715,17.965832267857845,17.12648661826883,16.312115928542173,15.522731903843647,14.758314276019757,14.01881026897358,13.304134187705703,12.614167139580752,11.948756895737962,11.307717899773891,10.69083142987806,10.097845919507925,9.5284774404433,8.982410350676378,8.459298108080917,7.958764249177458,7.480403530594024,7.023783229032055,6.588444593719449,6.173904443489991,5.779656898810798,5.405175237319472,5.049913859766601,4.713310351726865,4.394787625076622
1.8408163265306121,46.86574460674214,45.48327904856953,44.117950829885864,42.770206910688586,41.44049037043617,40.129239427469194,38.836886423002944,37.563856771261804,36.310567877658684,35.07742802726695,33.86483524620729,32.67317613895673,31.502824704996932,30.354141138639097,29.22747061629913,28.123142075940187,27.041466993850634,25.982738164376748,24.947228488678153,23.935189779009683,22.94685158545866,21.98242005246299,21.042076812803796,20.1259779270956,19.234252877076162,18.367003621221087,17.524303721363598,16.706197549078844,15.912699580583062,15.143793788793985,14.39943314099092,13.67953921018866,12.984001907899462,12.312679345387712,11.665397829826402,11.041952000935025,10.442105112720489,9.86558946385669,9.312106979032022,8.781329942276246,8.272901881862035,7.786438604878685,7.32152937801367,6.8777382494766135,6.4546055053844436,6.05164925232192,5.668367116232203,5.304238046302879,4.958724211130563,4.631272973198327
1.8806122448979592,47.265945484323446,45.88778093443213,44.52658266625394,43.182784933491455,41.85681796602645,40.5491070316955,39.26007146615409,37.99012367241577,36.73966809195267,35.50910014955968,34.29880517451957,33.10915730095369,31.940518350607903,30.7932367016966,29.66764614781473,28.56406475131661,27.48279369595669,26.424116143979635,25.388296103236897,24.37557731028297,23.38618213576914,22.42031051879004,21.47813893715145,20.559819420802338,19.665478615906792,18.795216907212435,17.949107606493502,17.127196214902867,16.329499767044833,15.556006264479022,14.806674206170458,14.081432223110976,13.380178823943877,12.702782257922564,12.049080500924124,11.418881369515702,10.811962767238828,10.2280730663346,9.666931627088882,9.12822945583534,8.611630001430166,8.116770088715084,7.643260986132267,7.190689603263784,6.7586198126608386,6.346593888926407,5.95413405664099,5.580744137406851,5.225911285048143,4.889107796877286
1.920408163265306,47.63720183544406,46.26299707201195,44.905602407783526,43.56544070016475,42.242930662405286,40.93848596303164,39.65251429637803,38.38541642580344,37.137585201458684,35.909404554754495,34.7012484719859,33.51347994988278,32.34644993618295,31.200496258661538,30.07594254639139,28.9730971473582,27.892252046902204,26.83368179180385,25.79764242517208,24.784370437622346,23.79408174054514,22.826970667559063,21.883209010508452,20.962945096598094,20.066302913453477,19.193381289041522,18.34425313348383,17.51896474983048,16.71753522083269,15.939955878650478,15.186189864250155,14.456171782981556,13.749807462470786,13.06697381851718,12.407518834141703,11.771261656295668,11.157992814004745,10.567474560896356,9.99944134414192,9.453600400846314,8.929632481844466,8.427192701728043,7.94591151273944,7.485395798948278,7.045230085887175,6.6249778595848285,6.224182987718051,5.842371234430501,5.4790518592549615,5.133719289554386
1.960204081632653,48.03260729394502,46.662589171939416,45.309217375218495,43.97290301979787,42.654052961870256,41.35306893569388,40.07034666553431,38.80627495324104,37.56123474328877,36.33559816737506,35.12972757093866,33.9439745242458,32.77867882098394,31.634167467598697,30.51075366691657,29.408735799898036,28.32839640967378,27.27000119231672,26.23379799909856,25.220015855262762,24.228864000614642,23.260530957479205,22.315183631800764,21.39296645335367,20.49400056119341,19.618383040595074,18.766186217799532,17.937457018907253,17.132216399222298,16.35045884924822,15.592151983369302,14.857236217008188,14.14562453773496,13.457202375402822,12.791827575910283,12.149330482625484,11.52951412886738,10.932154544115942,10.357001175823628,9.803777427830994,9.272181315455944,8.76188623633661,8.272541855075199,7.8037750986652314,7.355191258601986,6.92637519449125,6.516892632901379,6.1262915541652685,5.754103658851618,5.399845904705678
2.0,48.42561796684193,47.05973087783593,45.71032987770334,44.37781480024489,43.06258111645466,41.76501910901636,40.48551302355612,39.22444019821428,37.98217017332838,36.75906378325333,35.555472232592464,34.37173615936434,33.20818468789355,32.06513447447475,30.942888749131402,29.841736357056735,28.76195080359269,27.70378930686609,26.667491862456142,25.65328032471187,24.661357509568745,23.69190632392475,22.745088926825957,21.82104592787243,20.91989562838651,20.04173331097881,19.186630583200515,18.354634780976703,17.545768437472667,16.76002882294544,15.997387560976701,15.257790326260725,14.541156628836855,13.847379689299386,13.176326409095063,12.527837439521743,11.901727352477838,11.297784915377951,10.715773471951405,10.155431429880874,9.616472855422062,9.098588174284341,8.601444977148713,8.124688927270409,7.66794476666523,7.230817416427248,6.812893165784006,6.4137409435768,6.032913664976195,5.6699496454192015
